"","ï..Sample","Original.label","Treatment","Weeks.post.transplant","WBC","RBC","HGB","HCT","MCV","MCH","MCHC","PLT","MPV","RDW","Percent.Lym","Percent.Mon","Percent.Gra","Number.Lym","Number.Mon","Number.Gra","GFP"
"1","MIG.1","BMT1.MIG (NEP cage 1/2)","control",5,5.2,9.57,14.7,45.7,48,15.4,32.2,473,6.8,15.7,NA,NA,NA,2.3,0.3,2.6,85.2
"2","MIG.2","BMT1.MIG (REP cage 1/2)","control",5,3.6,9.37,14.3,43,46,15.3,33.3,605,6.5,15.5,NA,NA,NA,2.1,0.3,1.2,86.8
"3","MIG.3","BMT1.MIG (BEP cage 2/2)","control",5,6.5,9.58,14.6,44.4,46,15.3,32.9,453,6.7,15.3,NA,NA,NA,3,0.5,3,88.7
"4","MIG.4","BMT1.MIG (REP cage 2/2)","control",5,6.2,9.74,15.1,45.7,47,15.5,33.1,540,7.3,15.3,NA,NA,NA,3.6,0.5,2.1,87.8
"5","MIG.5","BMT2.MIG (cage 2/2 BEP)","control",5,4.5,9.84,14.6,45.8,46,14.9,32,631,6.5,16,NA,NA,NA,2.6,0.4,1.5,82.3
"6","MIG.6","BMT2.MIG (cage 2/2 LEP)","control",5,3,9.83,14.4,44.8,46,14.6,32.2,900,6,15.8,NA,NA,NA,1.4,0.2,1.4,82.2
"7","MIG.7","BMT2.MIG (cage 1/2 LEP)","control",5,4.4,9.53,14,43.5,46,14.7,32.2,733,6.3,16,NA,NA,NA,2.7,0.4,1.3,84.8
"8","MIG.8","BMT2.MIG (cage 1/2 BEP)","control",5,3.6,10.21,14.5,46,45,14.2,31.5,554,6.2,15.5,NA,NA,NA,2.2,0.3,1.1,89.4
"9","MIG.9","BMT2.MIG (cage 2/2 NEP)","control",5,3,10.24,14.8,46.5,45,14.4,31.8,616,6,15.4,NA,NA,NA,1.6,0.2,1.2,85.9
"10","MIG.10","BMT2.MIG (cage 2/2 REP)","control",5,3.4,9.47,14.1,44.1,47,14.8,31.9,681,6.1,15.7,NA,NA,NA,1.9,0.2,1.3,84.4
"11","MIG.11","BMT2.MIG (cage 1/2 REP)","control",5,4.3,9.57,13.6,43.3,45,14.3,31.5,815,6.2,15.9,NA,NA,NA,2.8,0.3,1.2,83.9
"12","miR532.1","BMT2.532-OE (cage 4/4 REP)","miR-532",5,4,9.85,14,44.5,45,14.2,31.4,813,6.6,15.8,NA,NA,NA,2.3,0.3,1.4,71.1
"13","miR532.2","BMT2.532-OE (cage 3/4 LEP)","miR-532",5,2,9.64,14.5,44.4,46,15,32.7,786,5.9,15.8,NA,NA,NA,0.8,0.2,1,44.8
"14","miR532.3","BMT2.532-OE (cage 1/4 LEP)","miR-532",5,3.4,10.04,14.7,46.4,46,14.7,31.7,563,6.2,15.2,NA,NA,NA,1.9,0.3,1.2,77.1
"15","miR532.4","BMT2.532-OE (cage 2/4 LEP)","miR-532",5,3.3,10.02,14.8,47.3,47,14.7,31.2,434,7.1,16,NA,NA,NA,2.1,0.3,0.9,81.5
"16","miR532.5","BMT2.532-OE (cage 1/4 REP)","miR-532",5,4.2,9.59,14.2,45,47,14.8,31.7,733,6.3,15.2,NA,NA,NA,2.6,0.3,1.3,70
"17","miR532.6","BMT2.532-OE (cage 1/4 NEP)","miR-532",5,5.1,9.66,14.2,44.4,46,14.7,31.9,449,6.3,15.7,NA,NA,NA,2.8,0.4,1.9,81.7
"18","miR532.7","BMT2.532-OE (cage 2/4, BEP)","miR-532",5,7.5,10.37,15.1,47.4,46,14.6,31.9,621,6.6,15,NA,NA,NA,4.3,0.6,2.6,77.1
"19","miR532.8","BMT2.532-OE (cage 3/4 BEP)","miR-532",5,5.1,8.95,13.6,43.1,48,15.2,31.5,408,6.9,17.2,NA,NA,NA,0.9,0.2,4,44.3
"20","miR532.9","BMT2.532-OE (cage 3/4 REP)","miR-532",5,3.2,9.35,13.9,43.1,46,14.9,32.3,933,6,15.6,NA,NA,NA,1.8,0.3,1.1,74.4
"21","miR532.10","BMT2.532-OE (cage 2/4 NEP)","miR-532",5,3.7,10.38,14.8,45.8,44,14.2,32.3,980,6.7,15.5,NA,NA,NA,2.8,0.3,0.6,76.6
"22","miR532.11","BMT2.532-OE (cage 4/4 LEP)","miR-532",5,4.4,9.38,13.5,42.2,45,14.4,32,574,6.6,15.2,NA,NA,NA,2.4,0.3,1.7,72.6
"23","miR532.12","BMT2.532-OE (cage 4/4 BEP)","miR-532",5,6.6,10.02,14.4,44.9,45,14.4,32.1,714,6.2,14.9,NA,NA,NA,3.3,0.5,2.8,76.5
"24","miR532.13","BMT2.532-OE (cage 4/4 NEP)","miR-532",5,5.1,9.98,14.1,45.1,45,14.1,31.2,658,6.4,15.6,NA,NA,NA,2.5,0.4,2.2,77
"25","miR532.14","BMT2.532-OE (cage 3/4 NEP)","miR-532",5,7,9.3,13.7,42.2,45,14.7,32.5,844,6.5,18,NA,NA,NA,1.1,0.3,5.6,45.2
"26","miR532.15","BMT2.532-OE (cage 2/4 REP)","miR-532",5,3,9.59,14.1,44.5,46,14.7,31.7,661,6,15.7,NA,NA,NA,1.9,0.2,0.9,71
"27","miR532.16","BMT2.532-OE (cage 1/4 BEP)","miR-532",5,4.9,9.84,14.9,45.6,46,15.1,32.6,572,6.2,15.2,NA,NA,NA,2.9,0.4,1.6,68
"28","MIG.1","BMT1.MIG (NEP cage 1/2)","control",10,5,10.84,16.4,50.4,46,15.1,32.5,614,6.4,15.3,NA,NA,NA,3.1,0.4,1.5,86.7
"29","MIG.2","BMT1.MIG (REP cage 1/2)","control",10,11.1,10.81,15.5,47.7,44,14.4,32.6,567,6.7,15.9,NA,NA,NA,4.3,0.7,6.1,87.5
"30","MIG.3","BMT1.MIG (BEP cage 2/2)","control",10,3.4,11.07,16,48,43,14.5,33.4,720,6,14.6,NA,NA,NA,2.2,0.2,1,88.9
"31","MIG.4","BMT1.MIG (REP cage 2/2)","control",10,3.8,11.22,16,49.3,44,14.3,32.5,790,6.4,15.5,NA,NA,NA,2.4,0.2,1.2,84.8
"32","MIG.5","BMT2.MIG (cage 2/2 BEP)","control",11,4.5,10.77,14.8,47,44,13.8,31.5,756,6.6,15.9,NA,NA,NA,0.5,0.3,3.7,73.6
"33","MIG.6","BMT2.MIG (cage 2/2 LEP)","control",11,6.3,10.13,14.4,44.3,44,14.2,32.6,799,6.1,15.4,NA,NA,NA,2.8,0.5,3,66.5
"34","MIG.7","BMT2.MIG (cage 1/2 LEP)","control",11,5.9,11.43,16.1,50.1,44,14.1,32.2,855,6.8,15.6,NA,NA,NA,1.2,0.8,3.9,71.7
"35","MIG.8","BMT2.MIG (cage 1/2 BEP)","control",11,2.5,11.03,15.6,48.1,44,14.2,32.5,916,6,15.5,NA,NA,NA,0.3,0.3,1.9,80.4
"36","MIG.9","BMT2.MIG (cage 2/2 NEP)","control",11,6.7,10.94,15,46.1,42,13.7,32.5,935,6.5,15.3,NA,NA,NA,2.6,0.4,3.7,90.4
"37","MIG.10","BMT2.MIG (cage 2/2 REP)","control",11,6.3,11.06,15.6,47.5,43,14.1,32.9,607,6.6,14.5,NA,NA,NA,2.7,0.5,3.1,91
"38","MIG.11","BMT2.MIG (cage 1/2 REP)","control",11,11.4,11.1,15.3,47.9,43,13.8,31.9,551,7.3,14.9,NA,NA,NA,5.3,0.9,5.2,73.6
"39","miR532.1","BMT2.532-OE (cage 4/4 REP)","miR-532",11,5.1,11.28,15.7,49.7,44,13.9,31.6,1155,6.1,14.9,NA,NA,NA,2.4,0.3,2.4,65.6
"40","miR532.2","BMT2.532-OE (cage 3/4 LEP)","miR-532",11,2.7,10.61,15.4,46.5,44,14.6,33.3,1390,5.6,15.7,NA,NA,NA,0.2,0.2,2.3,31.6
"41","miR532.3","BMT2.532-OE (cage 1/4 LEP)","miR-532",11,4.5,11.02,15.7,48.7,44,14.2,32.3,817,6.4,15.5,NA,NA,NA,0.6,0.5,3.4,81.8
"42","miR532.4","BMT2.532-OE (cage 2/4 LEP)","miR-532",11,7.4,10.66,14.6,46.7,44,13.7,31.3,738,6.3,15.1,NA,NA,NA,2.6,0.4,4.4,78.7
"43","miR532.5","BMT2.532-OE (cage 1/4 REP)","miR-532",11,4.8,10.63,14.9,47,44,14,31.7,861,6.4,15.4,NA,NA,NA,0.8,0.6,3.4,45.4
"44","miR532.6","BMT2.532-OE (cage 1/4 NEP)","miR-532",11,7,10.63,15.2,46.2,43,14.3,33,634,7.6,16.1,NA,NA,NA,4,0.5,2.5,78.9
"45","miR532.7","BMT2.532-OE (cage 2/4, BEP)","miR-532",11,4.3,11.34,16,49.1,43,14.1,32.5,847,6.4,15.2,NA,NA,NA,2.4,0.3,1.6,66.2
"46","miR532.8","BMT2.532-OE (cage 3/4 BEP)","miR-532",11,5.3,9.54,13.4,41,43,14.1,32.7,1128,6.4,15.1,NA,NA,NA,2.3,0.4,2.6,55
"47","miR532.9","BMT2.532-OE (cage 3/4 REP)","miR-532",11,3.9,10.83,15.3,47.4,44,14.1,32.2,1084,5.7,15.4,NA,NA,NA,1.9,0.3,1.7,53.8
"48","miR532.10","BMT2.532-OE (cage 2/4 NEP)","miR-532",11,4.8,11.19,15.8,48,43,14.1,32.8,927,7.1,17.6,NA,NA,NA,0.9,0.7,3.2,70.5
"49","miR532.11","BMT2.532-OE (cage 4/4 LEP)","miR-532",11,9.4,10.75,15,46.7,43,13.9,32,944,6.6,15.3,NA,NA,NA,5,0.6,3.8,65.8
"50","miR532.12","BMT2.532-OE (cage 4/4 BEP)","miR-532",11,6.4,10.97,15.2,47.5,43,13.9,32,560,6.1,15.1,NA,NA,NA,3.4,0.5,2.5,72.1
"51","miR532.13","BMT2.532-OE (cage 4/4 NEP)","miR-532",11,6.6,10.92,15,46.5,43,13.8,32.3,624,7,15.1,NA,NA,NA,1.7,0.3,4.6,78.4
"52","miR532.14","BMT2.532-OE (cage 3/4 NEP)","miR-532",11,9.3,10.57,14.9,47.3,45,14.1,31.5,939,6.1,14.3,NA,NA,NA,3,0.5,5.8,43.1
"53","miR532.15","BMT2.532-OE (cage 2/4 REP)","miR-532",11,6.1,10.16,14.6,45.6,45,14.3,31.9,909,6,16.1,NA,NA,NA,2,0.3,3.8,49.9
"54","miR532.16","BMT2.532-OE (cage 1/4 BEP)","miR-532",11,7.4,10.5,14.9,46.5,44,14.2,32.1,796,5.9,15.8,NA,NA,NA,4.4,0.6,2.4,66.2
"55","MIG.10","BMT2.MIG (cage 2/2 REP)","control",15,9.3,10.93,15.6,47.7,44,14.2,32.7,667,7.1,15.5,NA,NA,NA,5.6,0.9,2.8,84
"56","miR532.10","BMT2.532-OE (cage 2/4 NEP)","miR-532",15,54.3,5.32,9.3,28.1,53,17.4,32.9,42,9.3,21.5,NA,NA,NA,6.7,5.8,41.8,6.17
"57","MIG.1","BMT1.MIG (NEP cage 1/2)","control",18,9.8,9.58,15,46.5,49,15.7,32.2,724,6.1,15.3,NA,NA,NA,2.7,0.5,6.6,74
"58","MIG.2","BMT1.MIG (REP cage 1/2)","control",18,20.2,8.82,12.9,42,48,14.6,30.8,188,7.9,16.1,NA,NA,NA,3.3,0.9,16,88.4
"59","MIG.3","BMT1.MIG (BEP cage 2/2)","control",18,8.4,9.38,13.8,42.2,45,14.7,32.6,443,7.1,17.1,NA,NA,NA,3.2,0.8,4.4,89.7
"60","MIG.4","BMT1.MIG (REP cage 2/2)","control",18,7.1,9.68,14,43.4,45,14.5,32.3,818,6.9,16.1,NA,NA,NA,3.6,0.6,2.9,79.4
"61","MIG.5","BMT2.MIG (cage 2/2 BEP)","control",17,3.1,10.64,15.1,46.5,44,14.2,32.5,834,6.4,15.8,NA,NA,NA,1.7,0.2,1.2,NA
"62","MIG.6","BMT2.MIG (cage 2/2 LEP)","control",17,8.4,11.04,15.6,48.6,44,14.2,32.2,679,6.1,14.6,NA,NA,NA,3.6,0.7,4.1,NA
"63","MIG.7","BMT2.MIG (cage 1/2 LEP)","control",17,10.5,9.94,14.8,44.2,44,14.9,33.6,726,7.2,15.6,NA,NA,NA,6.3,0.8,3.4,NA
"64","MIG.8","BMT2.MIG (cage 1/2 BEP)","control",17,5.6,9.85,14.6,43.5,44,14.8,33.5,729,6,15.3,NA,NA,NA,3.2,0.6,1.8,NA
"65","MIG.9","BMT2.MIG (cage 2/2 NEP)","control",17,3.5,10.17,14.6,44,43,14.3,33.1,1122,6.2,15.5,NA,NA,NA,1.3,0.2,2,NA
"66","MIG.10","BMT2.MIG (cage 2/2 REP)","control",17,NA,NA,NA,NA,NA,NA,NA,NA,NA,NA,NA,NA,NA,NA,NA,NA,NA
"67","MIG.11","BMT2.MIG (cage 1/2 REP)","control",17,9.3,10.3,15.2,45.7,44,14.8,33.3,493,7.4,15.3,NA,NA,NA,5.3,0.7,3.3,NA
"68","miR532.1","BMT2.532-OE (cage 4/4 REP)","miR-532",17,2.5,10.47,14.6,45.8,44,14,32,1001,6.2,15.3,NA,NA,NA,1.3,0.1,1.1,NA
"69","miR532.2","BMT2.532-OE (cage 3/4 LEP)","miR-532",17,2.2,9.38,13.5,42,45,14.4,32.2,1522,5.6,16.5,NA,NA,NA,1.2,0.2,0.8,NA
"70","miR532.3","BMT2.532-OE (cage 1/4 LEP)","miR-532",17,7.8,10.13,14.6,45,44,14.4,32.5,913,6.2,15.3,NA,NA,NA,3.7,0.6,3.5,NA
"71","miR532.4","BMT2.532-OE (cage 2/4 LEP)","miR-532",17,9,10.3,15.3,45.7,44,14.8,33.4,980,6.4,15.8,NA,NA,NA,5.2,0.8,3,NA
"72","miR532.5","BMT2.532-OE (cage 1/4 REP)","miR-532",17,3.4,10.44,15.4,46.7,45,14.7,32.8,1006,5.8,15.4,NA,NA,NA,1.6,0.2,1.6,NA
"73","miR532.6","BMT2.532-OE (cage 1/4 NEP)","miR-532",17,5.5,11.31,15.7,48.5,43,13.9,32.4,508,6.8,15.5,NA,NA,NA,2.5,0.4,2.6,NA
"74","miR532.7","BMT2.532-OE (cage 2/4, BEP)","miR-532",17,7.1,9.78,14.1,43.3,44,14.4,32.5,827,6,16.1,NA,NA,NA,3.4,0.5,3.2,NA
"75","miR532.8","BMT2.532-OE (cage 3/4 BEP)","miR-532",17,4.4,8.24,12.1,37,45,14.7,32.8,1444,7.1,17.8,NA,NA,NA,3,0.4,1,NA
"76","miR532.9","BMT2.532-OE (cage 3/4 REP)","miR-532",17,9.1,10.05,14.1,44,44,14,32.1,1014,6.2,15.9,NA,NA,NA,4.1,0.7,4.3,NA
"77","miR532.10","BMT2.532-OE (cage 2/4 NEP)","miR-532",17,NA,NA,NA,NA,NA,NA,NA,NA,NA,NA,NA,NA,NA,NA,NA,NA,NA
"78","miR532.11","BMT2.532-OE (cage 4/4 LEP)","miR-532",17,6.5,10.4,14.8,46,44,14.2,32.1,905,6.1,15.1,NA,NA,NA,3.5,0.6,2.4,NA
"79","miR532.12","BMT2.532-OE (cage 4/4 BEP)","miR-532",17,3.6,10.51,14.7,46,44,14,32,688,6.2,15.4,NA,NA,NA,1.9,0.3,1.4,NA
"80","miR532.13","BMT2.532-OE (cage 4/4 NEP)","miR-532",17,5.2,9.77,13.6,42.6,44,14,32.1,577,6.5,16.2,NA,NA,NA,1.8,0.4,3,NA
"81","miR532.14","BMT2.532-OE (cage 3/4 NEP)","miR-532",17,8.2,9.4,13.9,41,44,14.8,33.9,974,6.3,16.5,NA,NA,NA,4,0.7,3.5,NA
"82","miR532.15","BMT2.532-OE (cage 2/4 REP)","miR-532",17,7.5,9.5,13.7,42.2,44,14.4,32.5,1133,6,16.6,NA,NA,NA,2.9,0.5,4.1,NA
"83","miR532.16","BMT2.532-OE (cage 1/4 BEP)","miR-532",17,4.6,10.26,14.9,45.7,45,14.5,32.6,790,6,15.6,NA,NA,NA,2.4,0.3,1.9,NA
"84","MIG.1","BMT1.MIG (NEP cage 1/2)","control",21,NA,NA,NA,NA,NA,NA,NA,NA,NA,NA,NA,NA,NA,NA,NA,NA,NA
"85","MIG.2","BMT1.MIG (REP cage 1/2)","control",21,NA,NA,NA,NA,NA,NA,NA,NA,NA,NA,NA,NA,NA,NA,NA,NA,NA
"86","MIG.3","BMT1.MIG (BEP cage 2/2)","control",21,NA,NA,NA,NA,NA,NA,NA,NA,NA,NA,NA,NA,NA,NA,NA,NA,NA
"87","MIG.4","BMT1.MIG (REP cage 2/2)","control",21,NA,NA,NA,NA,NA,NA,NA,NA,NA,NA,NA,NA,NA,NA,NA,NA,NA
"88","MIG.5","BMT2.MIG (cage 2/2 BEP)","control",21,NA,NA,NA,NA,NA,NA,NA,NA,NA,NA,NA,NA,NA,NA,NA,NA,NA
"89","MIG.6","BMT2.MIG (cage 2/2 LEP)","control",21,13.2,10.67,15.3,47,44,14.3,32.4,739,6.3,15.6,NA,NA,NA,6.4,1.1,5.7,60.1
"90","MIG.7","BMT2.MIG (cage 1/2 LEP)","control",21,5,9.71,14.4,43.8,45,14.8,32.9,1121,6.2,15.8,NA,NA,NA,2.8,0.4,1.8,58.8
"91","MIG.8","BMT2.MIG (cage 1/2 BEP)","control",21,6.2,9.46,13,41.3,44,13.7,31.5,886,6.1,16,NA,NA,NA,2.3,0.4,3.5,83.5
"92","MIG.9","BMT2.MIG (cage 2/2 NEP)","control",21,6.6,9.67,14.3,43,45,14.8,33.2,1478,6.3,15.7,NA,NA,NA,4.1,0.5,2,91.4
"93","MIG.10","BMT2.MIG (cage 2/2 REP)","control",21,8.5,10.72,14.8,46.2,43,13.8,32.1,771,7.2,15.5,NA,NA,NA,4.3,0.8,3.4,94.9
"94","MIG.11","BMT2.MIG (cage 1/2 REP)","control",21,7.4,9.46,13.6,41.9,44,14.4,32.4,750,6.6,16.3,NA,NA,NA,3.3,0.5,3.6,56.2
"95","miR532.1","BMT2.532-OE (cage 4/4 REP)","miR-532",21,3.6,10.73,15,47.3,44,14,31.7,1100,6.1,15.4,NA,NA,NA,2,0.3,1.3,68.2
"96","miR532.2","BMT2.532-OE (cage 3/4 LEP)","miR-532",21,5.5,9.38,14.4,43.4,46,15.3,33.1,1205,5.9,14.9,NA,NA,NA,3.1,0.5,1.9,26.2
"97","miR532.3","BMT2.532-OE (cage 1/4 LEP)","miR-532",21,9.8,9.74,14.5,44.3,46,14.9,32.8,1074,6.3,15.8,NA,NA,NA,3.7,0.7,5.4,67.2
"98","miR532.4","BMT2.532-OE (cage 2/4 LEP)","miR-532",21,3.2,8.7,13.3,41.3,47,15.3,32.3,953,6.1,17.9,NA,NA,NA,2,0.2,1,74.2
"99","miR532.5","BMT2.532-OE (cage 1/4 REP)","miR-532",21,8.2,10.52,15.4,47.4,45,14.6,32.4,903,6.6,15.6,NA,NA,NA,4.9,0.6,2.7,26.8
"100","miR532.6","BMT2.532-OE (cage 1/4 NEP)","miR-532",21,6.5,10.14,13.9,44.4,44,13.7,31.3,722,6.7,15.8,NA,NA,NA,2.9,0.4,3.2,65.2
"101","miR532.7","BMT2.532-OE (cage 2/4, BEP)","miR-532",21,6,9.84,15,45.6,46,15.2,32.8,905,6.4,17,NA,NA,NA,3.6,0.6,1.8,60.4
"102","miR532.8","BMT2.532-OE (cage 3/4 BEP)","miR-532",21,3.8,7.39,11.6,36.2,49,15.7,32.1,2494,6.4,18,NA,NA,NA,2.7,0.4,0.7,39.5
"103","miR532.9","BMT2.532-OE (cage 3/4 REP)","miR-532",21,8.3,9.95,14.1,44,44,14.2,32.1,1091,6.1,15.4,NA,NA,NA,4.1,0.6,3.6,35.7
"104","miR532.10","BMT2.532-OE (cage 2/4 NEP)","miR-532",21,NA,NA,NA,NA,NA,NA,NA,NA,NA,NA,NA,NA,NA,NA,NA,NA,NA
"105","miR532.11","BMT2.532-OE (cage 4/4 LEP)","miR-532",21,12.4,9.68,14.5,43.4,45,15,33.3,617,7.6,15.4,NA,NA,NA,5.1,0.9,6.4,56
"106","miR532.12","BMT2.532-OE (cage 4/4 BEP)","miR-532",21,7.6,10.29,15.1,45.8,45,14.6,32.9,578,7.2,15.8,NA,NA,NA,3.9,0.6,3.1,78.1
"107","miR532.13","BMT2.532-OE (cage 4/4 NEP)","miR-532",21,NA,NA,NA,NA,NA,NA,NA,NA,NA,NA,NA,NA,NA,NA,NA,NA,NA
"108","miR532.14","BMT2.532-OE (cage 3/4 NEP)","miR-532",21,10,9.53,13.8,41.9,44,14.5,33.1,904,6.1,15.5,NA,NA,NA,4.2,0.7,5.1,27.1
"109","miR532.15","BMT2.532-OE (cage 2/4 REP)","miR-532",21,4.3,8.8,13.7,42.4,48,15.6,32.3,1158,5.9,19.1,NA,NA,NA,2.3,0.3,1.7,55.8
"110","miR532.16","BMT2.532-OE (cage 1/4 BEP)","miR-532",21,7.9,9.52,14.4,44,46,15.2,32.8,867,6.2,16,NA,NA,NA,5,0.5,2.4,62.1
"111","MIG.1","BMT1.MIG (NEP cage 1/2)","control",28,11.1,8.83,14.8,45.1,51,16.7,32.8,896,6.4,15.6,NA,NA,NA,5.6,1,4.5,73.1
"112","MIG.2","BMT1.MIG (REP cage 1/2)","control",28,7.6,8.74,13.1,41.7,48,15,31.5,539,6.4,17.2,NA,NA,NA,2.7,0.6,4.3,86
"113","MIG.3","BMT1.MIG (BEP cage 2/2)","control",28,8.4,7.67,13,39.1,51,16.9,33.2,143,8,17.4,NA,NA,NA,2.8,0.8,4.8,94.1
"114","MIG.4","BMT1.MIG (REP cage 2/2)","control",28,4.8,9,13.7,41.1,46,15.2,33.3,864,6.6,16.6,NA,NA,NA,2.4,0.4,2,69.1
"115","MIG.5","BMT2.MIG (cage 2/2 BEP)","control",27,NA,NA,NA,NA,NA,NA,NA,NA,NA,NA,NA,NA,NA,NA,NA,NA,NA
"116","MIG.6","BMT2.MIG (cage 2/2 LEP)","control",27,5.4,10.28,15.1,46.2,45,14.7,32.6,814,5.8,15.2,NA,NA,NA,2.7,0.4,2.3,NA
"117","MIG.7","BMT2.MIG (cage 1/2 LEP)","control",27,8.9,10.07,15,46.4,46,14.9,32.4,1009,6.2,15,NA,NA,NA,5.7,0.7,2.5,NA
"118","MIG.8","BMT2.MIG (cage 1/2 BEP)","control",27,7.2,9.13,13.4,43.5,48,14.7,30.8,678,6.3,18.5,NA,NA,NA,4.3,0.6,2.3,NA
"119","MIG.9","BMT2.MIG (cage 2/2 NEP)","control",27,5.9,9.43,14.3,43,46,15.2,33.3,1804,6,15.7,NA,NA,NA,3.4,0.5,2,NA
"120","MIG.10","BMT2.MIG (cage 2/2 REP)","control",27,3.9,11.37,15.6,50.1,44,13.7,31.1,679,6.6,14.6,NA,NA,NA,2.2,0.3,1.4,NA
"121","MIG.11","BMT2.MIG (cage 1/2 REP)","control",27,5.1,9.89,14.3,45.3,46,14.4,31.5,536,6.6,16.3,NA,NA,NA,3.3,0.5,1.3,NA
"122","miR532.1","BMT2.532-OE (cage 4/4 REP)","miR-532",27,4,10.3,14.8,45.7,44,14.4,32.5,596,6.7,15.1,NA,NA,NA,1.6,0.3,2.1,NA
"123","miR532.2","BMT2.532-OE (cage 3/4 LEP)","miR-532",27,3.1,9.9,14.9,44.8,45,15.1,33.3,1174,5.9,15,NA,NA,NA,1.7,0.3,1.1,NA
"124","miR532.3","BMT2.532-OE (cage 1/4 LEP)","miR-532",27,5,10.11,15.5,47.1,47,15.3,32.9,1014,5.8,15,NA,NA,NA,2.2,0.3,2.5,NA
"125","miR532.4","BMT2.532-OE (cage 2/4 LEP)","miR-532",27,7.4,10.11,15.2,46.7,46,15,32.5,494,6.3,14.9,NA,NA,NA,3.5,0.6,3.3,NA
"126","miR532.5","BMT2.532-OE (cage 1/4 REP)","miR-532",27,6,10.56,15.5,48.7,46,14.7,31.8,1029,6,15.2,NA,NA,NA,3.7,0.5,1.8,NA
"127","miR532.6","BMT2.532-OE (cage 1/4 NEP)","miR-532",27,5.1,10.3,14.6,45.7,44,14.2,31.9,777,6,15.6,NA,NA,NA,2.5,0.4,2.2,NA
"128","miR532.7","BMT2.532-OE (cage 2/4, BEP)","miR-532",27,5,8.69,13.7,41.5,48,15.7,33,887,5.6,15.7,NA,NA,NA,3.2,0.4,1.4,NA
"129","miR532.8","BMT2.532-OE (cage 3/4 BEP)","miR-532",27,1.8,6.98,12.2,37.4,54,17.5,32.6,1163,6.2,17.2,NA,NA,NA,1.1,0.2,0.6,NA
"130","miR532.9","BMT2.532-OE (cage 3/4 REP)","miR-532",27,4.7,9.79,14.1,42.7,44,14.4,33,1196,6.1,16.3,NA,NA,NA,2.1,0.3,2.3,NA
"131","miR532.10","BMT2.532-OE (cage 2/4 NEP)","miR-532",27,NA,NA,NA,NA,NA,NA,NA,NA,NA,NA,NA,NA,NA,NA,NA,NA,NA
"132","miR532.11","BMT2.532-OE (cage 4/4 LEP)","miR-532",27,6.4,9.73,14.7,44.6,46,15.1,33,946,5.7,15,NA,NA,NA,3.4,0.5,2.5,NA
"133","miR532.12","BMT2.532-OE (cage 4/4 BEP)","miR-532",27,3.3,9.77,14.1,44.1,45,14.5,32,665,5.7,14.7,NA,NA,NA,1.7,0.3,1.3,NA
"134","miR532.13","BMT2.532-OE (cage 4/4 NEP)","miR-532",27,NA,NA,NA,NA,NA,NA,NA,NA,NA,NA,NA,NA,NA,NA,NA,NA,NA
"135","miR532.14","BMT2.532-OE (cage 3/4 NEP)","miR-532",27,6.8,10.32,14.4,45.9,44,14,31.5,887,5.9,16.2,NA,NA,NA,3.1,0.5,3.2,NA
"136","miR532.15","BMT2.532-OE (cage 2/4 REP)","miR-532",27,3.8,7.38,12,37.3,51,16.3,32.2,1126,5.8,16.2,NA,NA,NA,2.2,0.3,1.3,NA
"137","miR532.16","BMT2.532-OE (cage 1/4 BEP)","miR-532",27,5,9.01,13,39.4,44,14.4,33,1572,5.7,16,NA,NA,NA,2.2,0.3,2.5,NA
"138","MIG.1","BMT1.MIG (NEP cage 1/2)","control",32,11,8.26,13.8,42,51,16.6,32.7,923,5.7,16.3,NA,NA,NA,5.9,0.9,4.2,69.2
"139","MIG.2","BMT1.MIG (REP cage 1/2)","control",32,12.2,9.25,14.1,44,48,15.3,32.1,636,6.3,15.2,NA,NA,NA,5.6,1.1,5.5,81
"140","MIG.3","BMT1.MIG (BEP cage 2/2)","control",32,7.7,6.96,12.4,37.4,54,17.9,33.3,67,8.5,17.4,NA,NA,NA,2.4,0.8,4.5,93.6
"141","MIG.4","BMT1.MIG (REP cage 2/2)","control",32,3,8.85,13.8,41.8,47,15.6,33,943,5.9,16.1,NA,NA,NA,1.4,0.2,1.4,72.5
"142","MIG.5","BMT2.MIG (cage 2/2 BEP)","control",33,NA,NA,NA,NA,NA,NA,NA,NA,NA,NA,NA,NA,NA,NA,NA,NA,NA
"143","MIG.6","BMT2.MIG (cage 2/2 LEP)","control",33,5.7,9.41,13.8,43.2,46,14.6,31.9,890,5.8,15.3,NA,NA,NA,2.9,0.5,2.3,65.5
"144","MIG.7","BMT2.MIG (cage 1/2 LEP)","control",33,8.7,9.58,14.7,44.1,46,15.4,33.4,1090,6.4,15.7,NA,NA,NA,5.5,0.6,2.6,52.2
"145","MIG.8","BMT2.MIG (cage 1/2 BEP)","control",33,9.6,6.56,11.7,35.7,54,17.9,32.8,521,6.8,18.2,NA,NA,NA,4.5,0.8,4.3,90.1
"146","MIG.9","BMT2.MIG (cage 2/2 NEP)","control",33,5.6,8.33,12.9,39.1,47,15.5,33,1940,6.2,16.1,NA,NA,NA,2.9,0.5,2.2,91.9
"147","MIG.10","BMT2.MIG (cage 2/2 REP)","control",33,4.9,10.59,14.8,46.2,44,14,32,682,6.5,14.9,NA,NA,NA,2.5,0.4,2,95.6
"148","MIG.11","BMT2.MIG (cage 1/2 REP)","control",33,6.6,8.47,13.3,40.4,48,15.7,32.9,329,7.7,16.9,NA,NA,NA,3.7,0.6,2.3,45.9
"149","miR532.1","BMT2.532-OE (cage 4/4 REP)","miR-532",33,5.3,9.68,14.1,43.9,45,14.6,32.1,720,6.6,15.7,NA,NA,NA,2.3,0.5,2.5,70.9
"150","miR532.2","BMT2.532-OE (cage 3/4 LEP)","miR-532",33,5.7,9.23,14.2,43,47,15.4,33,1011,6.2,15,NA,NA,NA,3,0.5,2.2,20.5
"151","miR532.3","BMT2.532-OE (cage 1/4 LEP)","miR-532",33,6.6,10.53,16.1,49.3,47,15.2,32.6,795,6.4,14.4,NA,NA,NA,3,0.6,3,70.6
"152","miR532.4","BMT2.532-OE (cage 2/4 LEP)","miR-532",33,5.4,9.61,14.8,44.8,47,15.4,33,700,5.9,14.9,NA,NA,NA,2.9,0.4,2.1,58.7
"153","miR532.5","BMT2.532-OE (cage 1/4 REP)","miR-532",33,4.6,11.02,15.9,49.6,45,14.4,31.9,1261,5.8,14.1,NA,NA,NA,2.8,0.4,1.4,13.2
"154","miR532.6","BMT2.532-OE (cage 1/4 NEP)","miR-532",33,4.1,9.81,14.4,43.8,45,14.7,32.9,936,6.4,15.8,NA,NA,NA,1.7,0.2,2.2,39.6
"155","miR532.7","BMT2.532-OE (cage 2/4, BEP)","miR-532",33,4.6,9.45,14.2,43.9,47,15,32.3,999,5.9,15.1,NA,NA,NA,2.3,0.3,2,46.6
"156","miR532.8","BMT2.532-OE (cage 3/4 BEP)","miR-532",33,3.2,6.58,11.9,35.8,54,18.1,33.2,1315,6.5,16.9,NA,NA,NA,2,0.3,0.9,27
"157","miR532.9","BMT2.532-OE (cage 3/4 REP)","miR-532",33,7.2,9.94,14.1,44,44,14.2,32,1065,6.1,15.9,NA,NA,NA,3.4,0.6,3.2,23.4
"158","miR532.10","BMT2.532-OE (cage 2/4 NEP)","miR-532",33,NA,NA,NA,NA,NA,NA,NA,NA,NA,NA,NA,NA,NA,NA,NA,NA,NA
"159","miR532.11","BMT2.532-OE (cage 4/4 LEP)","miR-532",33,6.4,8.74,13.5,40.9,47,15.5,33.1,593,6.7,14.9,NA,NA,NA,3.8,0.5,2.1,40.5
"160","miR532.12","BMT2.532-OE (cage 4/4 BEP)","miR-532",33,3.5,9.37,14,42.9,46,14.9,32.6,709,5.6,15,NA,NA,NA,1.6,0.3,1.6,84.3
"161","miR532.13","BMT2.532-OE (cage 4/4 NEP)","miR-532",33,NA,NA,NA,NA,NA,NA,NA,NA,NA,NA,NA,NA,NA,NA,NA,NA,NA
"162","miR532.14","BMT2.532-OE (cage 3/4 NEP)","miR-532",33,6,9.5,14.4,43.6,46,15.2,33.1,787,6.1,14.8,NA,NA,NA,3.4,0.5,2.1,26.3
"163","miR532.15","BMT2.532-OE (cage 2/4 REP)","miR-532",33,3.3,6.66,11.7,35.6,53,17.6,32.8,705,6.6,16.3,NA,NA,NA,1.9,0.2,1.2,52.5
"164","miR532.16","BMT2.532-OE (cage 1/4 BEP)","miR-532",33,7,8.98,13,39.2,44,14.5,33.2,1365,6.1,18,NA,NA,NA,2.5,0.4,4.1,60
"165","miR532.16","BMT2.532-OE (cage 1/4 BEP)","miR-532",36,6,8.46,12.3,36.9,44,14.5,33.3,550,7.7,16.9,NA,NA,NA,0.8,0.2,5,NA
"166","MIG.1","BMT1.MIG (NEP cage 1/2)","control",39,15.7,9.24,14.6,44.6,48,15.8,32.8,765,6.6,14.7,NA,NA,NA,6.4,1.3,8,61.7
"167","MIG.2","BMT1.MIG (REP cage 1/2)","control",39,10.5,9.03,13.7,42.5,47,15.2,32.2,524,6.3,15.8,NA,NA,NA,4.4,1,5.1,79
"168","MIG.3","BMT1.MIG (BEP cage 2/2)","control",39,11.4,6.25,11.5,35.1,56,18.4,32.8,457,6.7,17.7,NA,NA,NA,3.7,1.3,6.4,93
"169","MIG.4","BMT1.MIG (REP cage 2/2)","control",39,3.8,9.05,13.6,41.5,46,15,32.7,920,5.9,15.7,NA,NA,NA,1.5,0.3,2,51.5
"170","miR532.15","BMT2.532-OE (cage 2/4 REP)","miR-532",39,136,3.06,5.8,20.4,67,19.1,28.6,697,6.3,17.4,NA,NA,NA,54,16.5,65.5,29.4
"171","miR532.1","BMT2.532-OE (cage 4/4 REP)","miR-532",45,14.3,5.14,7.9,26,51,15.4,30.4,693,11.2,26.3,NA,NA,NA,2.9,0.9,10.5,77.7
"172","MIG.1","BMT1.MIG (NEP cage 1/2)","control",46,11.1,8.62,13.5,41.3,48,15.7,32.8,1329,6.2,15.1,NA,NA,NA,5.5,1.1,4.5,77.3
"173","MIG.2","BMT1.MIG (REP cage 1/2)","control",46,9.9,8.3,13.5,40.4,49,16.2,33.3,729,6.9,15.2,NA,NA,NA,4.5,0.9,4.5,79.6
"174","MIG.3","BMT1.MIG (BEP cage 2/2)","control",46,29.4,3.39,7.6,21.7,64,22.6,35.3,381,6.9,17.6,NA,NA,NA,6,3.4,20,96
"175","MIG.4","BMT1.MIG (REP cage 2/2)","control",46,4.9,8.44,13.2,39.2,46,15.6,33.6,1086,5.8,15.3,NA,NA,NA,1.3,0.3,3.3,56.6
"176","MIG.5","BMT2.MIG (cage 2/2 BEP)","control",48,NA,NA,NA,NA,NA,NA,NA,NA,NA,NA,NA,NA,NA,NA,NA,NA,NA
"177","MIG.6","BMT2.MIG (cage 2/2 LEP)","control",48,9.7,9.22,14.2,41.3,45,15.4,34.4,877,6.2,15.1,NA,NA,NA,4,0.6,5.1,54
"178","MIG.7","BMT2.MIG (cage 1/2 LEP)","control",48,6.3,6.97,11.9,35.9,52,17,33.1,913,6.9,17.8,NA,NA,NA,2.1,0.5,3.7,64.1
"179","MIG.8","BMT2.MIG (cage 1/2 BEP)","control",48,80,2.89,6.2,20,69,21.4,30.9,13,7.1,17.8,NA,NA,NA,NA,NA,NA,96.7
"180","MIG.9","BMT2.MIG (cage 2/2 NEP)","control",48,5,6.45,11,33.2,51,17,33.1,1696,6.4,17.3,NA,NA,NA,2,0.4,2.6,87.4
"181","MIG.10","BMT2.MIG (cage 2/2 REP)","control",48,3.5,8.4,12.6,39.1,47,15,32.1,510,6.8,15.5,NA,NA,NA,1.4,0.4,1.7,95.7
"182","MIG.11","BMT2.MIG (cage 1/2 REP)","control",48,6.5,9.25,13.6,41.9,45,14.7,32.4,624,6.4,15.5,NA,NA,NA,3.5,0.4,2.6,38.5
"183","miR532.1","BMT2.532-OE (cage 4/4 REP)","miR-532",48,NA,NA,NA,NA,NA,NA,NA,NA,NA,NA,NA,NA,NA,NA,NA,NA,NA
"184","miR532.2","BMT2.532-OE (cage 3/4 LEP)","miR-532",48,3.7,8.19,12.8,38.7,47,15.6,33,1013,6.1,14.7,NA,NA,NA,1.7,0.3,1.7,17.3
"185","miR532.3","BMT2.532-OE (cage 1/4 LEP)","miR-532",48,3.8,8.36,13.4,40.8,49,16.1,32.9,1167,6.2,15.2,NA,NA,NA,1.8,0.3,1.7,82.4
"186","miR532.4","BMT2.532-OE (cage 2/4 LEP)","miR-532",48,5.8,9.61,14.5,44.8,47,15.1,32.3,941,6,14.7,NA,NA,NA,3.1,0.4,2.3,65.7
"187","miR532.5","BMT2.532-OE (cage 1/4 REP)","miR-532",48,13.9,9.31,14.1,41.5,45,15.2,34,1553,6.3,15.1,NA,NA,NA,5,1.1,7.8,9.88
"188","miR532.6","BMT2.532-OE (cage 1/4 NEP)","miR-532",48,5.8,8.89,13.5,41.6,47,15.1,32.4,653,6.1,16.2,NA,NA,NA,2.6,0.6,2.6,72.3
"189","miR532.7","BMT2.532-OE (cage 2/4, BEP)","miR-532",48,4.5,7.5,12.3,35.5,47,16.4,34.6,830,6.7,15.6,NA,NA,NA,2.7,0.3,1.5,52.8
"190","miR532.8","BMT2.532-OE (cage 3/4 BEP)","miR-532",48,2.8,6.57,11.2,33.2,51,17,33.6,1321,6.2,14.4,NA,NA,NA,1.6,0.3,0.9,16.3
"191","miR532.9","BMT2.532-OE (cage 3/4 REP)","miR-532",48,6.4,9.6,14.2,44.2,46,14.8,32.2,1079,5.9,14.9,NA,NA,NA,3.2,0.5,2.7,17.4
"192","miR532.10","BMT2.532-OE (cage 2/4 NEP)","miR-532",48,NA,NA,NA,NA,NA,NA,NA,NA,NA,NA,NA,NA,NA,NA,NA,NA,NA
"193","miR532.11","BMT2.532-OE (cage 4/4 LEP)","miR-532",48,5.4,8.94,13.6,41.9,47,15.2,32.5,1162,5.8,14.5,NA,NA,NA,2.7,0.4,2.3,45.2
"194","miR532.12","BMT2.532-OE (cage 4/4 BEP)","miR-532",48,7.4,8.88,13.4,40.7,46,15,32.8,647,6.2,14.7,NA,NA,NA,3,0.6,3.8,82.2
"195","miR532.13","BMT2.532-OE (cage 4/4 NEP)","miR-532",48,NA,NA,NA,NA,NA,NA,NA,NA,NA,NA,NA,NA,NA,NA,NA,NA,NA
"196","miR532.14","BMT2.532-OE (cage 3/4 NEP)","miR-532",48,9.8,8.9,13,40.3,45,14.6,32.3,828,6.2,14.3,NA,NA,NA,5.2,0.7,3.9,34.4
"197","miR532.15","BMT2.532-OE (cage 2/4 REP)","miR-532",48,NA,NA,NA,NA,NA,NA,NA,NA,NA,NA,NA,NA,NA,NA,NA,NA,NA
"198","miR532.16","BMT2.532-OE (cage 1/4 BEP)","miR-532",48,NA,NA,NA,NA,NA,NA,NA,NA,NA,NA,NA,NA,NA,NA,NA,NA,NA
"199","MIG.1","BMT1.MIG (NEP cage 1/2)","control",49,11.1,8.42,13.2,41.1,49,15.6,32.1,555,7.4,15.2,NA,NA,NA,4.7,1.1,5.3,NA
"200","MIG.2","BMT1.MIG (REP cage 1/2)","control",49,4.9,5.22,8.1,24.6,47,15.4,32.8,145,7.5,14.8,NA,NA,NA,2.1,0.5,2.3,NA
"201","MIG.3","BMT1.MIG (BEP cage 2/2)","control",49,10.4,0.24,0,1.8,75,0,0,5,6.2,19.9,NA,NA,NA,1.6,0.7,8.1,96.8
"202","MIG.4","BMT1.MIG (REP cage 2/2)","control",49,2.5,6.07,9.3,28.5,47,15.4,33,58,8.6,14.6,NA,NA,NA,1,0.2,1.3,50.4
"203","MIG.8","BMT2.MIG (cage 1/2 BEP)","control",50,65.3,1.05,3.3,9.3,89,31.1,35.1,56,6.6,16.4,NA,NA,NA,5,3.3,57,NA
"204","miR532.7","BMT2.532-OE (cage 2/4, BEP)","miR-532",52,3.5,1.99,3.4,10,50,17.2,34.1,158,10.9,23.4,NA,NA,NA,1.6,0.3,1.6,NA
"205","miR532.3","BMT2.532-OE (cage 1/4 LEP)","miR-532",62,1.1,2.57,4.7,12.7,50,18.3,37,20,8,15.6,NA,NA,NA,0.3,0.1,0.7,NA
"206","MIG.6","BMT2.MIG (cage 2/2 LEP)","control",62,13.6,5.74,8.6,25.6,45,15,33.7,384,10.7,19.1,NA,NA,NA,5,1.3,7.3,NA
"207","MIG.5","BMT2.MIG (cage 2/2 BEP)","control",64,NA,NA,NA,NA,NA,NA,NA,NA,NA,NA,NA,NA,NA,NA,NA,NA,NA
"208","MIG.6","BMT2.MIG (cage 2/2 LEP)","control",64,NA,NA,NA,NA,NA,NA,NA,NA,NA,NA,NA,NA,NA,NA,NA,NA,NA
"209","MIG.7","BMT2.MIG (cage 1/2 LEP)","control",64,12.6,3.88,7.9,23.6,61,20.3,33.3,438,7.9,20.5,NA,NA,NA,1.6,0.8,10.2,NA
"210","MIG.8","BMT2.MIG (cage 1/2 BEP)","control",64,NA,NA,NA,NA,NA,NA,NA,NA,NA,NA,NA,NA,NA,NA,NA,NA,NA
"211","MIG.9","BMT2.MIG (cage 2/2 NEP)","control",64,50.2,1.15,2.7,8,69,23.4,33.8,269,7.8,21.3,NA,NA,NA,2.8,2.5,44.9,NA
"212","MIG.10","BMT2.MIG (cage 2/2 REP)","control",64,47.9,5.27,10.2,28.6,54,19.3,35.6,295,7.6,18.2,NA,NA,NA,5.2,4.9,37.8,NA
"213","MIG.11","BMT2.MIG (cage 1/2 REP)","control",64,9,6.43,9.3,27.9,43,14.4,33.2,914,7.1,18.8,NA,NA,NA,3.2,0.5,5.3,NA
"214","miR532.1","BMT2.532-OE (cage 4/4 REP)","miR-532",64,NA,NA,NA,NA,NA,NA,NA,NA,NA,NA,NA,NA,NA,NA,NA,NA,NA
"215","miR532.2","BMT2.532-OE (cage 3/4 LEP)","miR-532",64,NA,NA,NA,NA,NA,NA,NA,NA,NA,NA,NA,NA,NA,NA,NA,NA,NA
"216","miR532.3","BMT2.532-OE (cage 1/4 LEP)","miR-532",64,NA,NA,NA,NA,NA,NA,NA,NA,NA,NA,NA,NA,NA,NA,NA,NA,NA
"217","miR532.4","BMT2.532-OE (cage 2/4 LEP)","miR-532",64,5.4,6.6,10.5,30.6,46,15.9,34.3,469,7.8,15.5,NA,NA,NA,2.2,0.4,2.8,NA
"218","miR532.5","BMT2.532-OE (cage 1/4 REP)","miR-532",64,8.1,8.35,12.8,37.2,45,15.4,34.5,1883,5.6,13.9,NA,NA,NA,2,0.5,5.6,NA
"219","miR532.6","BMT2.532-OE (cage 1/4 NEP)","miR-532",64,3.8,7.32,12.6,36.6,50,17.2,34.4,976,5.9,15.3,NA,NA,NA,1.2,0.3,2.3,NA
"220","miR532.7","BMT2.532-OE (cage 2/4, BEP)","miR-532",64,NA,NA,NA,NA,NA,NA,NA,NA,NA,NA,NA,NA,NA,NA,NA,NA,NA
"221","miR532.8","BMT2.532-OE (cage 3/4 BEP)","miR-532",64,1.5,5.38,10,29.4,55,18.6,34,1640,6.2,15.8,NA,NA,NA,0.7,0.1,0.7,NA
"222","miR532.9","BMT2.532-OE (cage 3/4 REP)","miR-532",64,6.7,9.01,14.4,39.1,43,16,36.9,1146,6.3,14.2,NA,NA,NA,2.7,0.5,3.5,NA
"223","miR532.10","BMT2.532-OE (cage 2/4 NEP)","miR-532",64,NA,NA,NA,NA,NA,NA,NA,NA,NA,NA,NA,NA,NA,NA,NA,NA,NA
"224","miR532.11","BMT2.532-OE (cage 4/4 LEP)","miR-532",64,2.6,3.65,6.7,19.5,54,18.3,34.1,242,10.7,22.4,NA,NA,NA,1.2,0.2,1.2,NA
"225","miR532.12","BMT2.532-OE (cage 4/4 BEP)","miR-532",64,14.1,7.59,11.3,33.5,44,14.9,33.7,1042,6.4,14.6,NA,NA,NA,3.9,1,9.2,NA
"226","miR532.13","BMT2.532-OE (cage 4/4 NEP)","miR-532",64,NA,NA,NA,NA,NA,NA,NA,NA,NA,NA,NA,NA,NA,NA,NA,NA,NA
"227","miR532.14","BMT2.532-OE (cage 3/4 NEP)","miR-532",64,11.2,8.34,12.7,37.4,45,15.3,34,1227,6,14.5,NA,NA,NA,5.3,0.7,5.2,NA
"228","miR532.15","BMT2.532-OE (cage 2/4 REP)","miR-532",64,NA,NA,NA,NA,NA,NA,NA,NA,NA,NA,NA,NA,NA,NA,NA,NA,NA
"229","miR532.16","BMT2.532-OE (cage 1/4 BEP)","miR-532",64,NA,NA,NA,NA,NA,NA,NA,NA,NA,NA,NA,NA,NA,NA,NA,NA,NA
"230","miR532.11","BMT2.532-OE (cage 4/4 LEP)","miR-532",64,5.1,2.51,4.1,13.8,55,16.2,29.6,420,9.9,24.4,NA,NA,NA,1.6,0.3,3.2,NA
"231","miR532.6","BMT2.532-OE (cage 1/4 NEP)","miR-532",72,46.55,1.325,2.55,6.95,53,19.9,37.5,15.5,7.75,14.55,NA,NA,NA,3.2,3.25,40.1,NA
"232","miR532.12","BMT2.532-OE (cage 4/4 BEP)","miR-532",73,3.3,4.16,6.2,18,43,15,34.5,502,11.5,19.4,NA,NA,NA,1,0.2,2.1,NA
"233","MIG.10","BMT2.MIG (cage 2/2 REP)","control",73,15.6,1.88,4,13,69,21.2,30.6,179,11,38.2,NA,NA,NA,4.7,1,9.9,NA
"234","MIG.12","MB_miR BMT_MIG_1","control",10,4.3,11.8,15.9,53.3,45,13.4,29.7,661,6.4,14.9,67.3,9.6,23.1,2.9,0.4,1,10.12
"235","MIG.13","MB_miR BMT_MIG_2","control",10,6.5,12.34,16.4,55.3,45,13.3,29.6,581,6.7,14.6,66,9.2,24.8,4.3,0.6,1.6,9.41
"236","MIG.14","MB_miR BMT_MIG_3","control",10,2.4,6.37,8.5,27.9,44,13.3,30.4,191,7.8,15.8,69.9,7.1,23,1.6,0.1,0.7,8.94
"237","MIG.15","MB_miR BMT_MIG_4","control",10,7.4,11.76,16.7,54.8,47,14.2,30.5,413,6.7,15.7,63.2,9.2,27.6,4.6,0.6,2.2,10.22
"238","MIG.16","MB_miR BMT_MIG_5","control",10,4.2,11.87,15.8,52.4,44,13.3,30.2,772,6.5,15.5,52.8,10.6,36.6,2.2,0.4,1.6,21.25
"239","miR532.17","MB_miR BMT_532_1","miR-532",10,7.7,11.07,14.9,49,44,13.5,30.5,553,7.2,15.8,50.8,9.1,40.1,3.9,0.7,3.1,30.64
"240","miR532.18","MB_miR BMT_532_2","miR-532",10,6.6,12.05,16,53,44,13.3,30.2,642,6.6,14.8,64.8,8.9,26.3,4.2,0.5,1.9,56.47
"241","miR532.19","MB_miR BMT_532_3","miR-532",10,5.6,11.01,15.2,50.1,46,13.8,30.3,658,6.4,15.7,65.1,9.1,25.8,3.6,0.5,1.5,38.25
"242","miR532.20","MB_miR BMT_532_4","miR-532",10,5.4,11.53,15.8,52.5,46,13.7,30.1,797,7.1,15.9,69.9,8.5,21.6,3.7,0.4,1.3,11.7
"243","miR532.21","MB_miR BMT_532_5","miR-532",10,4.7,10.94,15.3,50.5,46,14,30.4,542,6.2,15.1,70.3,9.9,19.8,3.3,0.4,1,26.61
"244","MIG.12","MB_miR BMT_MIG_1","control",17,5.3,11.14,15.3,50.6,45,13.7,30.2,766,6.3,14.8,64.5,8.5,27,3.3,0.4,1.6,8.98
"245","MIG.13","MB_miR BMT_MIG_2","control",17,1.3,3.79,6.9,16.3,43,18.1,42,98,6.7,14.9,70.8,7,22.2,0.8,0,0.5,5.5
"246","MIG.14","MB_miR BMT_MIG_3","control",17,5.4,10.77,14.6,47.5,44,13.6,30.8,993,6.4,15.3,67.9,8.4,23.7,3.6,0.4,1.4,8.4
"247","MIG.15","MB_miR BMT_MIG_4","control",17,6.2,11.13,15.8,51.4,46,14.2,30.8,552,6.4,14.9,61.9,9.1,29,3.8,0.5,1.9,9.29
"248","MIG.16","MB_miR BMT_MIG_5","control",17,5,11.81,16,51.8,44,13.5,30.8,845,6.6,15.2,44.8,10.2,45,2.2,0.5,2.3,24
"249","miR532.17","MB_miR BMT_532_1","miR-532",17,6.3,11.4,15.6,50.7,44,13.7,30.7,798,6.3,14.7,61.1,8.6,30.3,3.8,0.5,2,27.5
"250","miR532.18","MB_miR BMT_532_2","miR-532",17,6.1,11.51,15.4,50.7,44,13.3,30.3,732,6.3,15.4,61,9.5,29.5,3.7,0.5,1.9,42.1
"251","miR532.19","MB_miR BMT_532_3","miR-532",17,10.8,11.5,15.7,52.1,45,13.6,30.1,551,6.7,15,60.8,8.2,31,6.5,0.8,3.5,35.11
"252","miR532.20","MB_miR BMT_532_4","miR-532",17,7.7,11.87,16.3,53.3,45,13.7,30.5,875,6.7,15.5,63.1,9.7,27.2,4.8,0.7,2.2,10.55
"253","miR532.21","MB_miR BMT_532_5","miR-532",17,12.8,11.67,16,53.7,46,13.7,29.7,519,7,15.7,59.9,9.2,30.9,7.6,1.1,4.1,29.57
"254","MIG.15","MB_miR BMT_MIG_4","control",20,3.7,6.65,10,30.4,46,15.1,33,25,7.6,14.7,46,9.7,44.3,1.7,0.3,1.7,NA
"255","MIG.12","MB_miR BMT_MIG_1","control",27,6.4,12.35,17.4,57.5,47,14.1,30.3,567,7.5,16.3,68.3,8.3,23.4,4.3,0.5,1.6,7.2
"256","MIG.13","MB_miR BMT_MIG_2","control",27,10.5,12.66,17.6,57.8,46,13.9,30.5,431,7.1,15.1,73.8,6.4,19.8,7.7,0.6,2.2,3.4
"257","MIG.14","MB_miR BMT_MIG_3","control",27,8.4,12.6,17.6,57.4,46,13.9,30.6,933,7,16.6,68.8,7.9,23.3,5.7,0.6,2.1,5.7
"258","MIG.15","MB_miR BMT_MIG_4","control",27,NA,NA,NA,NA,NA,NA,NA,NA,NA,NA,NA,NA,NA,NA,NA,NA,NA
"259","MIG.16","MB_miR BMT_MIG_5","control",27,2.6,11.62,15.6,51.9,45,13.4,30,1114,6.5,15.2,57.2,10,32.8,1.5,0.2,0.9,15.2
"260","miR532.17","MB_miR BMT_532_1","miR-532",27,8.6,11.84,16.6,54.4,46,14,30.5,543,7,15.6,65.8,6.5,27.7,5.6,0.5,2.5,22.8
"261","miR532.18","MB_miR BMT_532_2","miR-532",27,6.4,8.81,13.6,41.7,50,15.4,31,441,7.2,16.9,43.7,11.7,44.6,2.7,0.7,3,78
"262","miR532.19","MB_miR BMT_532_3","miR-532",27,9.4,10.73,15.9,51.6,48,14.8,30.8,508,7,15.9,32.3,10.3,57.4,3,0.9,5.5,31.5
"263","miR532.20","MB_miR BMT_532_4","miR-532",27,7,11.29,16.2,52.3,46,14.3,30.9,843,6.7,15.8,29.5,7.1,63.4,2,0.4,4.6,9.2
"264","miR532.21","MB_miR BMT_532_5","miR-532",27,2.4,11.42,16.2,52.9,46,14.2,30.6,695,6.6,15.9,44.8,12.2,43,1,0.2,1.2,34.1
"265","MIG.12","MB_miR BMT_MIG_1","control",30,5,11.21,16.9,54.2,48,15.1,31.2,1188,6.3,15,NA,NA,NA,1.7,0.4,1.3,NA
"266","MIG.13","MB_miR BMT_MIG_2","control",30,8,11.65,16.5,53.4,46,14.2,31,926,6.3,14.7,NA,NA,NA,3.6,0.3,1.1,NA
"267","MIG.14","MB_miR BMT_MIG_3","control",30,5.1,11.05,15.1,49.3,45,13.7,30.7,1011,6.7,14.9,NA,NA,NA,3.5,0.4,1.3,NA
"268","MIG.15","MB_miR BMT_MIG_4","control",30,NA,NA,NA,NA,NA,NA,NA,NA,NA,NA,NA,NA,NA,NA,NA,NA,NA
"269","MIG.16","MB_miR BMT_MIG_5","control",30,1.9,10.93,14.9,48.6,44,13.6,30.6,1342,6.4,15.2,NA,NA,NA,3,0.5,1.5,NA
"270","miR532.17","MB_miR BMT_532_1","miR-532",30,6.2,10.53,15,48.2,46,14.3,31.2,939,6.2,14.8,NA,NA,NA,4.6,0.5,1.1,NA
"271","miR532.18","MB_miR BMT_532_2","miR-532",30,7,9.57,14.9,49,51,15.6,30.4,381,6.9,46,NA,NA,NA,3.4,0.4,1.5,NA
"272","miR532.19","MB_miR BMT_532_3","miR-532",30,5.3,10.35,16.2,51,49,15.6,31.7,795,7.1,15.8,NA,NA,NA,2.7,0.7,1.6,NA
"273","miR532.20","MB_miR BMT_532_4","miR-532",30,4.3,11.59,16.4,53.2,46,14.2,30.9,1201,6.6,16,NA,NA,NA,1,0.2,1,NA
"274","miR532.21","MB_miR BMT_532_5","miR-532",30,2.7,10.67,15.7,50.8,48,14.7,30.9,657,6.4,16.2,NA,NA,NA,1.2,0.3,1.2,NA
"275","MIG.12","MB_miR BMT_MIG_1","control",33,3.3,10.12,15.5,48.3,48,15.3,32,1508,6.4,15.1,60.8,11.9,27.3,1.9,0.3,1.1,2.2
"276","MIG.13","MB_miR BMT_MIG_2","control",33,5.6,10.76,15.8,49.7,46,14.6,31.7,1211,6.2,14.9,72,7.8,20.2,4,0.4,1.2,1.8
"277","MIG.14","MB_miR BMT_MIG_3","control",33,5.5,12.41,17.3,55.5,45,13.9,31.2,971,6.7,15.1,68.4,9,22.6,3.7,0.4,1.4,1.7
"278","MIG.15","MB_miR BMT_MIG_4","control",33,NA,NA,NA,NA,NA,NA,NA,NA,NA,NA,NA,NA,NA,NA,NA,NA,NA
"279","MIG.16","MB_miR BMT_MIG_5","control",33,NA,NA,NA,NA,NA,NA,NA,NA,NA,NA,NA,NA,NA,NA,NA,NA,NA
"280","miR532.17","MB_miR BMT_532_1","miR-532",33,6.6,11.18,16.3,51.9,46,14.6,31.4,1130,6.3,14.8,76.1,6.9,17,5,0.4,1.2,8.5
"281","miR532.18","MB_miR BMT_532_2","miR-532",33,5.5,9.42,14.8,48.3,51,15.7,30.7,466,7.1,46.6,58.5,12.3,29.2,3.2,0.6,1.7,73
"282","miR532.19","MB_miR BMT_532_3","miR-532",33,5.3,5.6,8.7,26.1,47,15.5,33.3,310,7.2,15.7,55.3,13,31.7,2.9,0.6,1.8,42.9
"283","miR532.20","MB_miR BMT_532_4","miR-532",33,2.2,10.51,15,47.4,45,14.3,31.8,1467,6.5,15.9,54.7,6.8,38.5,1.2,0.1,0.9,4.5
"284","miR532.21","MB_miR BMT_532_5","miR-532",33,2.8,10.01,15.4,49,49,15.4,31.4,797,6.5,15.8,48.7,10.8,40.5,1.3,0.2,1.3,14.6
"285","MIG.12","MB_miR BMT_MIG_1","control",42,4.3,7.11,10.5,34.5,45,14.9,31,1664,6.4,15,53.8,10.2,39,2.2,0.4,1.6,0.19
"286","MIG.13","MB_miR BMT_MIG_2","control",42,6.1,10.21,15.3,48.4,46,14.4,31.8,1332,6.3,15,70.1,8.8,25.6,4.5,0.5,1.6,2.44
"287","MIG.14","MB_miR BMT_MIG_3","control",42,5.9,11.98,16.8,52.8,45,13.8,31,998,6.8,15.2,68.2,7.3,28,3.9,0.4,1.6,4.88
"288","MIG.15","MB_miR BMT_MIG_4","control",42,NA,NA,NA,NA,NA,NA,NA,NA,NA,NA,NA,NA,NA,NA,NA,NA,NA
"289","MIG.16","MB_miR BMT_MIG_5","control",42,NA,NA,NA,NA,NA,NA,NA,NA,NA,NA,NA,NA,NA,NA,NA,NA,NA
"290","miR532.17","MB_miR BMT_532_1","miR-532",42,7.2,11.01,15.9,49.8,48,15.1,31.9,1102,6.5,14.7,70.9,8.5,23.9,5.5,0.6,1.8,28.4
"291","miR532.18","MB_miR BMT_532_2","miR-532",42,5.7,8.97,14.2,45.9,47,15.9,30.5,442,7.1,44.2,58.7,15.6,29,3.1,0.8,1.5,70.47
"292","miR532.19","MB_miR BMT_532_3","miR-532",42,5.1,5.7,9.1,28.8,48,15.2,33,354,7.1,15.5,54.7,13.6,36.1,2.6,0.6,1.7,43.7
"293","miR532.20","MB_miR BMT_532_4","miR-532",42,2.5,10.25,14.8,47,47,14.2,31.5,1431,6.7,16,44,10.3,49.8,1.3,0.3,1.5,5.59
"294","miR532.21","MB_miR BMT_532_5","miR-532",42,NA,NA,NA,NA,NA,NA,NA,NA,NA,NA,NA,NA,NA,NA,NA,NA,NA
"295","miR532.21","MB_miR BMT_532_5","miR-532",48,21.8,8.01,13,40,50,16.2,32.4,391,8.1,16.8,21.8,8,70.2,4.7,1.7,15.4,NA
"296","MIG.12","MB_miR BMT_MIG_1","control",50,8.4,8.45,12.8,41.4,49,15.2,31,1868,6.5,14.7,51,9.2,39.8,4.2,0.7,3.5,0.41
"297","MIG.13","MB_miR BMT_MIG_2","control",50,10.5,9.15,13.7,44.3,48,15,31,2011,6.1,15.2,58.6,8.7,32.7,6.1,0.9,3.5,2.03
"298","MIG.14","MB_miR BMT_MIG_3","control",50,7,9.66,12.9,42.7,44,13.3,30.2,968,6.5,14.9,55.6,10.5,33.9,3.8,0.7,2.5,2.81
"299","MIG.15","MB_miR BMT_MIG_4","control",50,NA,NA,NA,NA,NA,NA,NA,NA,NA,NA,NA,NA,NA,NA,NA,NA,NA
"300","MIG.16","MB_miR BMT_MIG_5","control",50,NA,NA,NA,NA,NA,NA,NA,NA,NA,NA,NA,NA,NA,NA,NA,NA,NA
"301","miR532.17","MB_miR BMT_532_1","miR-532",50,13.1,9.8,14.3,45.3,46,14.6,31.5,847,6.4,14.5,57.2,8.9,33.9,7.5,1.1,4.5,22.3
"302","miR532.18","MB_miR BMT_532_2","miR-532",50,13.1,6.48,10.7,34.5,53,16.5,31,320,7.4,16.3,19.7,12.7,67.6,2.5,1.6,9,69.56
"303","miR532.19","MB_miR BMT_532_3","miR-532",50,4.3,8.28,11.7,38.4,46,14.2,30.5,757,6.8,14.2,31.3,10.2,58.4,1.3,0.4,2.6,40.67
"304","miR532.20","MB_miR BMT_532_4","miR-532",50,5.6,9.53,13.6,43.6,46,14.3,31.2,1213,6.4,14.9,35.6,10.2,54.2,1.9,0.5,3.2,5.48
"305","miR532.21","MB_miR BMT_532_5","miR-532",50,NA,NA,NA,NA,NA,NA,NA,NA,NA,NA,NA,NA,NA,NA,NA,NA,NA
"306","MIG.17","PL_miR BMT_MIG_1","control",5,6.4,10.13,17.1,58.1,44,13,29.5,720,7,16,70,8,22,4.4,0.5,1.5,43.6
"307","MIG.18","PL_miR BMT_MIG_2","control",5,2.9,7.17,9.7,31.7,44,13.6,30.6,488,6.9,17,65,12.4,22.6,1.8,0.3,0.8,44.7
"308","MIG.19","PL_miR BMT_MIG_3","control",5,2.9,7.83,11.6,38.3,49,14.8,30.3,359,7.6,18.7,48.2,10.6,41.2,1.3,0.3,1.3,52
"309","MIG.20","PL_miR BMT_MIG_4","control",5,3,5.96,8.8,26.9,45,14.7,32.7,495,6.9,16.8,18.7,8.1,73.2,0.5,0.2,2.3,48.8
"310","MIG.21","PL_miR BMT_MIG_5","control",5,5.5,11.95,16.4,54.9,46,13.7,29.8,712,6.6,16.5,50.4,11,38.6,2.7,0.6,2.2,72.8
"311","MIG.22","PL_miR BMT_MIG_6","control",5,3.9,11.06,15.4,51.3,46,14,30.1,607,6.5,16.1,51.8,10.5,37.7,2,0.4,1.5,87.6
"312","MIG.23","PL_miR BMT_MIG_7","control",5,6.6,10.86,12.6,48.2,44,11.6,26.1,747,6.7,15.4,35.5,15.3,49.2,2.3,1,3.3,59.2
"313","MIG.24","PL_miR BMT_MIG_8","control",5,3.7,11.42,15.8,53.6,47,13.8,29.5,843,6.4,15.7,55.2,10.8,34,2,0.3,1.4,73.3
"314","MIG.25","PL_miR BMT_MIG_9","control",5,4.4,11.34,15.6,52,46,13.8,30.1,510,6.8,16.4,56.2,10,33.8,2.4,0.4,1.6,74.9
"315","miR532.22","PL_miR BMT_532_1","miR-532",5,9.5,13.49,15.4,58.7,43,11.4,26.3,685,7.3,15.9,63.3,10.8,25.9,6,1,2.5,68.3
"316","miR532.23","PL_miR BMT_532_2","miR-532",5,6.8,13.7,17.7,60,44,12.9,29.5,661,6.9,16.1,64.5,9.7,25.8,4.3,0.6,1.9,66.3
"317","miR532.24","PL_miR BMT_532_3","miR-532",5,5.1,12.08,16,53.3,44,13.3,30.1,631,6.3,15.2,71.2,8.6,20.2,3.6,0.4,1.1,74.2
"318","miR532.25","PL_miR BMT_532_4","miR-532",5,4,13.05,18.4,60.4,46,14.1,30.5,458,7.5,16.7,45.5,8.5,46,1.8,0.3,1.9,52.9
"319","miR532.26","PL_miR BMT_532_5","miR-532",5,6,12.26,17.9,56.8,46,14.6,31.5,384,7.3,16.9,43.7,10.7,45.6,2.6,0.6,2.8,54.5
"320","miR532.27","PL_miR BMT_532_6","miR-532",5,4.1,11.6,15.6,52.2,45,13.5,29.9,713,6.6,16.2,59.9,9.8,30.3,2.4,0.3,1.4,62.1
"321","miR532.28","PL_miR BMT_532_7","miR-532",5,2.9,11.95,16,53.3,45,13.4,30,702,6.5,15.9,66.3,10,23.7,1.9,0.2,0.8,86.3
"322","miR532.29","PL_miR BMT_532_8","miR-532",5,10.2,10.82,14.5,49,45,13.4,29.7,652,7,17.2,17.9,9.4,72.7,1.8,0.9,7.5,43.2
"323","miR532.30","PL_miR BMT_532_9","miR-532",5,7.1,11.76,15,51.9,44,12.7,28.8,1067,6.7,16.6,28.2,12.6,59.2,2,0.8,4.3,37.4
"324","miR532.31","PL_miR BMT_532_10","miR-532",5,4.2,11.73,13.3,52.4,45,11.3,25.4,833,6.6,15.5,51.5,16.5,32,2.1,0.6,1.5,65.3
"325","miR532.32","PL_miR BMT_532_11","miR-532",5,3.9,11.34,15.3,51.7,46,13.5,29.6,599,6.7,16,39.1,9.4,51.5,1.5,0.3,2.1,60.6
"326","miR532.33","PL_miR BMT_532_12","miR-532",5,6.9,11.03,15.5,51,46,14.1,30.4,519,6.6,16.5,47.2,8.9,43.9,3.2,0.6,3.1,62.8
"327","MIG.17","PL_miR BMT_MIG_1","control",11,5,12.09,16,51,42,13.2,31.3,1006,6.2,16.1,74.5,7.3,18.2,3.7,0.3,1,49.2
"328","MIG.18","PL_miR BMT_MIG_2","control",11,4.5,11.15,14.5,48.4,43,13,29.9,997,6.5,16.9,66.3,9.3,24.4,2.9,0.4,1.2,43.2
"329","MIG.19","PL_miR BMT_MIG_3","control",11,7.3,11.37,16.3,54.2,48,14.3,30.1,613,6.5,16.2,71.4,7.5,21.1,5.2,0.5,1.6,27.3
"330","MIG.20","PL_miR BMT_MIG_4","control",11,4.8,11.44,15,50.1,44,13.1,30,981,6.4,16.5,66.2,7.7,26.1,3.1,0.3,1.4,18.2
"331","MIG.21","PL_miR BMT_MIG_5","control",11,2,4.76,6.7,24.7,52,14,27,432,7.5,21.1,81.1,8.2,10.7,1.5,0.1,0.4,32.7
"332","MIG.22","PL_miR BMT_MIG_6","control",11,9.9,12.14,16.8,54.9,45,13.9,30.7,724,6.4,16.4,68.9,9.2,21.9,6.8,0.9,2.2,69.6
"333","MIG.23","PL_miR BMT_MIG_7","control",11,8.8,12.61,16.9,55.2,44,13.4,30.6,802,6.2,16.1,76.6,7.4,16,6.7,0.6,1.5,73.8
"334","MIG.24","PL_miR BMT_MIG_8","control",11,6.1,11,15.8,50.7,46,14.4,31.1,1015,6.5,17,71.4,7.2,21.4,4.3,0.4,1.4,92.2
"335","MIG.25","PL_miR BMT_MIG_9","control",11,9.9,11.93,16.7,53.9,45,14,30.9,640,6.7,16.7,71.4,8.2,20.4,7,0.8,2.1,68.1
"336","miR532.22","PL_miR BMT_532_1","miR-532",11,7.1,12.8,16.3,53.1,42,12.7,30.6,960,6.4,16.1,72.2,7.9,19.9,5.1,0.5,1.5,64.4
"337","miR532.23","PL_miR BMT_532_2","miR-532",11,4.3,11.03,14.8,48.4,44,13.4,30.5,939,6.3,17.1,64.3,8.8,26.9,2.7,0.3,1.3,62.5
"338","miR532.24","PL_miR BMT_532_3","miR-532",11,6.5,10.8,14.3,46.7,43,13.2,30.6,821,6.7,17,65.7,8.9,25.4,4.2,0.5,1.8,72.1
"339","miR532.25","PL_miR BMT_532_4","miR-532",11,4.6,10.7,15.2,49.5,46,14.2,30.6,698,6.3,16.4,65.9,9,25.1,3,0.4,1.2,30.5
"340","miR532.26","PL_miR BMT_532_5","miR-532",11,6.6,11.51,15.9,52.3,45,13.8,30.4,573,6.7,16.4,73.5,8.6,17.9,4.8,0.5,1.3,38.8
"341","miR532.27","PL_miR BMT_532_6","miR-532",11,8.8,12.58,17.3,55.7,44,13.7,31,1378,6.1,16.8,72.9,8.1,19,6.4,0.7,1.7,46.3
"342","miR532.28","PL_miR BMT_532_7","miR-532",11,8.3,12.17,16.5,54.2,44,13.5,30.4,939,6.8,17.2,74.3,7.6,18.1,6.1,0.6,1.3,58.9
"343","miR532.29","PL_miR BMT_532_8","miR-532",11,7,11.73,15.8,51.9,44,13.5,30.5,649,6.3,16.6,63.8,8.7,27.5,4.4,0.6,2,77.2
"344","miR532.30","PL_miR BMT_532_9","miR-532",11,8.8,10.39,15.5,51.8,50,14.9,29.9,770,6.5,23.6,72.1,9.1,18.8,6.3,0.8,1.7,42
"345","miR532.31","PL_miR BMT_532_10","miR-532",11,4.8,12.74,16.8,55.3,43,13.2,30.4,804,6.3,16.4,73.3,7.8,18.9,3.4,0.3,1.1,59.2
"346","miR532.32","PL_miR BMT_532_11","miR-532",11,7.7,12.75,17,56.3,44,13.3,30.2,1066,6.1,16.6,74.2,7,18.8,5.7,0.5,1.5,44
"347","miR532.33","PL_miR BMT_532_12","miR-532",11,9.8,12.49,17.2,56.3,45,13.8,30.6,750,6.5,16.7,68.9,8.7,22.4,6.7,0.8,2.3,51.6
"348","MIG.17","PL_miR BMT_MIG_1","control",16,6.5,12.6,16,53.7,43,12.7,29.8,1028,6.1,15.8,76.9,8,15.1,4.9,0.5,1.1,67.5
"349","MIG.18","PL_miR BMT_MIG_2","control",16,7.4,12.33,15.6,53.5,43,12.6,29.1,1245,6.5,16.7,77.1,7.4,15.5,5.6,0.5,1.3,54.6
"350","MIG.19","PL_miR BMT_MIG_3","control",16,9.2,11.25,16.8,54.7,49,14.9,30.7,968,6.2,16.1,60.1,7.3,32.6,5.5,0.6,3.1,56.3
"351","MIG.20","PL_miR BMT_MIG_4","control",16,8.3,12.69,16.6,54.4,43,13.1,30.6,1116,6.5,17,34.2,5.1,60.7,2.8,0.4,5.1,7.71
"352","MIG.21","PL_miR BMT_MIG_5","control",16,NA,NA,NA,NA,NA,NA,NA,NA,NA,NA,NA,NA,NA,NA,NA,NA,NA
"353","MIG.22","PL_miR BMT_MIG_6","control",16,NA,NA,NA,NA,NA,NA,NA,NA,NA,NA,NA,NA,NA,NA,NA,NA,NA
"354","MIG.23","PL_miR BMT_MIG_7","control",16,NA,NA,NA,NA,NA,NA,NA,NA,NA,NA,NA,NA,NA,NA,NA,NA,NA
"355","MIG.24","PL_miR BMT_MIG_8","control",16,NA,NA,NA,NA,NA,NA,NA,NA,NA,NA,NA,NA,NA,NA,NA,NA,NA
"356","MIG.25","PL_miR BMT_MIG_9","control",16,NA,NA,NA,NA,NA,NA,NA,NA,NA,NA,NA,NA,NA,NA,NA,NA,NA
"357","miR532.22","PL_miR BMT_532_1","miR-532",16,6.8,12.21,15.6,51.6,42,12.8,30.2,996,6.1,16.2,72.6,7.9,19.5,4.9,0.5,1.4,66.9
"358","miR532.23","PL_miR BMT_532_2","miR-532",16,8.1,12.01,16,53.2,44,13.3,30,760,7,17.6,68.7,9.3,22,5.5,0.7,1.9,59
"359","miR532.24","PL_miR BMT_532_3","miR-532",16,5.5,11.51,14.9,49.5,43,12.9,30,1146,6.1,15.5,79.9,7.2,12.9,4.3,0.3,0.9,84.2
"360","miR532.25","PL_miR BMT_532_4","miR-532",16,6.6,11.27,16.4,52.8,47,14.6,31.1,872,6.1,15.6,49.4,7.3,43.3,3.2,0.4,3,18.9
"361","miR532.26","PL_miR BMT_532_5","miR-532",16,8.4,10.87,15.6,49.7,46,14.4,31.4,598,6.6,17.4,69.3,7.8,22.9,5.8,0.6,2,17.8
"362","miR532.27","PL_miR BMT_532_6","miR-532",16,NA,NA,NA,NA,NA,NA,NA,NA,NA,NA,NA,NA,NA,NA,NA,NA,NA
"363","miR532.28","PL_miR BMT_532_7","miR-532",16,NA,NA,NA,NA,NA,NA,NA,NA,NA,NA,NA,NA,NA,NA,NA,NA,NA
"364","miR532.29","PL_miR BMT_532_8","miR-532",16,NA,NA,NA,NA,NA,NA,NA,NA,NA,NA,NA,NA,NA,NA,NA,NA,NA
"365","miR532.30","PL_miR BMT_532_9","miR-532",16,NA,NA,NA,NA,NA,NA,NA,NA,NA,NA,NA,NA,NA,NA,NA,NA,NA
"366","miR532.31","PL_miR BMT_532_10","miR-532",16,NA,NA,NA,NA,NA,NA,NA,NA,NA,NA,NA,NA,NA,NA,NA,NA,NA
"367","miR532.32","PL_miR BMT_532_11","miR-532",16,NA,NA,NA,NA,NA,NA,NA,NA,NA,NA,NA,NA,NA,NA,NA,NA,NA
"368","miR532.33","PL_miR BMT_532_12","miR-532",16,NA,NA,NA,NA,NA,NA,NA,NA,NA,NA,NA,NA,NA,NA,NA,NA,NA
